candidate,branch,status,solver,cf_depth,radial_n,precision_dps,omega_re,omega_im,residual,distance_from_historical_seed
legacy-interaction-01,m2_0__l4__N2,FAILED_ROOT_VALIDITY,A,160,,45,2.509412615584921,-1.5480379310838395,1.196752089536101e-43,1.9665682260847222e-14
legacy-interaction-01,m2_0__l4__N2,FAILED_ROOT_VALIDITY,A,240,,45,2.509412615584921,-1.5480379310838395,1.2720746130254902e-43,1.9665682260847222e-14
legacy-interaction-01,m2_0__l4__N2,FAILED_ROOT_VALIDITY,A,320,,45,2.509412615584921,-1.5480379310838395,1.2625582760230903e-43,1.9665682260847222e-14
legacy-interaction-01,m2_0__l4__N2,NOT_AN_INDEPENDENT_CONFIRMATION,C,,160,,2.578646190572577,-2.054952005405842,1.68998563170563e-16,0.5116201390204544
legacy-interaction-01,m2_0__l4__N2,NOT_AN_INDEPENDENT_CONFIRMATION,C,,220,,2.5786462605254816,-2.0549528729996314,5.3284654133205924e-17,0.5116210080999912
legacy-interaction-01,m2_0__l4__N2,NOT_AN_INDEPENDENT_CONFIRMATION,C,,280,,2.5786539873434178,-2.0549546067780122,8.100752753781398e-17,0.5116237715937703
legacy-interaction-01,m2_0__l4__N3,ROOT_CHECK_PASSED,A,160,,45,2.5786462808702995,-2.0549520619510715,4.805693419447783e-42,2.490312178632455e-11
legacy-interaction-01,m2_0__l4__N3,ROOT_CHECK_PASSED,A,240,,45,2.5786462808694735,-2.054952061950967,2.0660918833200598e-41,2.4448795659742793e-11
legacy-interaction-01,m2_0__l4__N3,ROOT_CHECK_PASSED,A,320,,45,2.578646280869473,-2.0549520619509676,1.3714564168729352e-41,2.444817055758557e-11
legacy-interaction-01,m2_0__l4__N3,ROOT_CHECK_PASSED,C,,160,,2.5786461905861686,-2.0549520054506254,6.620563235330269e-17,1.0650207411833725e-07
legacy-interaction-01,m2_0__l4__N3,ROOT_CHECK_PASSED,C,,220,,2.5786462604676976,-2.0549528738126157,2.7620724870282923e-16,8.120986918739862e-07
legacy-interaction-01,m2_0__l4__N3,ROOT_CHECK_PASSED,C,,280,,2.5786539867818163,-2.0549546065250213,1.5304680963350614e-16,8.11517624913722e-06
legacy-interaction-02,m2_0__l4__N2,FAILED_ROOT_VALIDITY,A,160,,45,2.547642697465064,-1.552226289122222,7.767638925319686e-44,3.6980260721190165e-14
legacy-interaction-02,m2_0__l4__N2,FAILED_ROOT_VALIDITY,A,240,,45,2.547642697465064,-1.552226289122222,8.421762471072361e-44,3.6980260721190165e-14
legacy-interaction-02,m2_0__l4__N2,FAILED_ROOT_VALIDITY,A,320,,45,2.547642697465064,-1.552226289122222,8.421762471072361e-44,3.6980260721190165e-14
legacy-interaction-02,m2_0__l4__N2,NOT_AN_INDEPENDENT_CONFIRMATION,C,,160,,2.5942085682871303,-2.06361429299401,1.2662828318858356e-16,0.5135037203656844
legacy-interaction-02,m2_0__l4__N2,NOT_AN_INDEPENDENT_CONFIRMATION,C,,220,,2.5942089130634165,-2.063613773938027,1.0530374902267339e-16,0.5135032347136652
legacy-interaction-02,m2_0__l4__N2,NOT_AN_INDEPENDENT_CONFIRMATION,C,,280,,2.5942090672593876,-2.0636149919739553,1.2697946983364715e-16,0.5135044617140244
legacy-interaction-02,m2_0__l4__N3,ROOT_CHECK_PASSED,A,160,,45,2.594208551803226,-2.0636143215937355,3.615045815594733e-41,1.7595530637986232e-11
legacy-interaction-02,m2_0__l4__N3,ROOT_CHECK_PASSED,A,240,,45,2.5942085518025144,-2.0636143215937963,4.869297973947147e-41,1.6941346609027184e-11
legacy-interaction-02,m2_0__l4__N3,ROOT_CHECK_PASSED,A,320,,45,2.5942085518025144,-2.0636143215937963,2.876118819815259e-41,1.6941346609027184e-11
legacy-interaction-02,m2_0__l4__N3,ROOT_CHECK_PASSED,C,,160,,2.5942085682335585,-2.0636142929506764,1.480300861932642e-16,3.3024446921518836e-08
legacy-interaction-02,m2_0__l4__N3,ROOT_CHECK_PASSED,C,,220,,2.594208913149812,-2.0636137736502307,8.559131490944573e-17,6.563683960696302e-07
legacy-interaction-02,m2_0__l4__N3,ROOT_CHECK_PASSED,C,,280,,2.5942090634576362,-2.0636149905755867,1.7624433252974453e-16,8.422300342953949e-07
legacy-interaction-03,m2_0__l4__N2,FAILED_ROOT_VALIDITY,A,160,,45,2.5840825863467147,-1.5545070485420678,1.886693409809253e-43,8.347223457752037e-14
legacy-interaction-03,m2_0__l4__N2,FAILED_ROOT_VALIDITY,A,240,,45,2.5840825863467147,-1.5545070485420678,2.0095019414126987e-43,8.347223457752037e-14
legacy-interaction-03,m2_0__l4__N2,FAILED_ROOT_VALIDITY,A,320,,45,2.5840825863467147,-1.5545070485420678,1.995391478258435e-43,8.347223457752037e-14
legacy-interaction-03,m2_0__l4__N2,NOT_AN_INDEPENDENT_CONFIRMATION,C,,160,,2.611474407722763,-2.07064845484153,1.559220177652511e-16,0.5168677424400205
legacy-interaction-03,m2_0__l4__N2,NOT_AN_INDEPENDENT_CONFIRMATION,C,,220,,2.611474533463512,-2.0706483837276117,8.031652419094744e-17,0.5168676780897843
legacy-interaction-03,m2_0__l4__N2,NOT_AN_INDEPENDENT_CONFIRMATION,C,,280,,2.6114742256749097,-2.070646732696711,7.987630617811975e-17,0.5168660130675068
legacy-interaction-03,m2_0__l4__N3,ROOT_CHECK_PASSED,A,160,,45,2.611474388189972,-2.070648469691194,4.952040310481648e-41,1.6815396031839417e-11
legacy-interaction-03,m2_0__l4__N3,ROOT_CHECK_PASSED,A,240,,45,2.611474388189398,-2.0706484696913674,3.693106112445026e-41,1.6939848058988458e-11
legacy-interaction-03,m2_0__l4__N3,ROOT_CHECK_PASSED,A,320,,45,2.611474388189398,-2.070648469691368,4.0149862403555863e-41,1.6939462520988133e-11
legacy-interaction-03,m2_0__l4__N3,ROOT_CHECK_PASSED,C,,160,,2.6114744077178242,-2.0706484548275412,5.633215284043066e-17,2.45438768272352e-08
legacy-interaction-03,m2_0__l4__N3,ROOT_CHECK_PASSED,C,,220,,2.6114745332637983,-2.07064838375955,1.0413430524280375e-16,1.6861478993448688e-07
legacy-interaction-03,m2_0__l4__N3,ROOT_CHECK_PASSED,C,,280,,2.611474225101053,-2.070646732598314,1.0102981357895901e-17,1.7447475232140858e-06
legacy-interaction-04,m2_0__l4__N2,FAILED_ROOT_VALIDITY,A,160,,45,2.618671115431099,-1.5547823383295318,6.586733597110078e-44,5.776916183862711e-14
legacy-interaction-04,m2_0__l4__N2,FAILED_ROOT_VALIDITY,A,240,,45,2.618671115431099,-1.5547823383295318,6.88298658553358e-44,5.776916183862711e-14
legacy-interaction-04,m2_0__l4__N2,FAILED_ROOT_VALIDITY,A,320,,45,2.618671115431099,-1.5547823383295318,6.768579435664926e-44,5.776916183862711e-14
legacy-interaction-04,m2_0__l4__N2,NOT_AN_INDEPENDENT_CONFIRMATION,C,,160,,2.630757823489698,-2.075941587768621,6.604168527054817e-17,0.5212993878642487
legacy-interaction-04,m2_0__l4__N2,NOT_AN_INDEPENDENT_CONFIRMATION,C,,220,,2.63075849152793,-2.0759414675834758,1.0289556454275422e-16,0.5212992832007991
legacy-interaction-04,m2_0__l4__N2,NOT_AN_INDEPENDENT_CONFIRMATION,C,,280,,2.630757787119535,-2.0759416549156016,9.577353435007042e-17,0.5212994541499109
legacy-interaction-04,m2_0__l4__N3,ROOT_CHECK_PASSED,A,160,,45,2.6307578011194725,-2.0759415754671102,2.901201764254094e-41,5.2810636603334676e-12
legacy-interaction-04,m2_0__l4__N3,ROOT_CHECK_PASSED,A,240,,45,2.630757801119041,-2.075941575467345,2.8980606329050286e-41,5.726461965015182e-12
legacy-interaction-04,m2_0__l4__N3,ROOT_CHECK_PASSED,A,320,,45,2.630757801119041,-2.075941575467345,4.986937661412999e-41,5.726461965015182e-12
legacy-interaction-04,m2_0__l4__N3,ROOT_CHECK_PASSED,C,,160,,2.6307578235168014,-2.075941587782918,1.2499157999125976e-16,2.555560046122954e-08
legacy-interaction-04,m2_0__l4__N3,ROOT_CHECK_PASSED,C,,220,,2.630758491380509,-2.075941467433029,1.0590846384394253e-16,6.986589498651577e-07
legacy-interaction-04,m2_0__l4__N3,ROOT_CHECK_PASSED,C,,280,,2.630757788075503,-2.0759416542021443,1.69741319763489e-16,7.980929766814969e-08
legacy-interaction-05,m2_0__l4__N2,FAILED_ROOT_VALIDITY,A,160,,45,2.6515845215717695,-1.5528837357932872,1.2507250943281023e-43,3.370473271403933e-14
legacy-interaction-05,m2_0__l4__N2,FAILED_ROOT_VALIDITY,A,240,,45,2.6515845215717695,-1.5528837357932872,1.3173798841543399e-43,3.370473271403933e-14
legacy-interaction-05,m2_0__l4__N2,FAILED_ROOT_VALIDITY,A,320,,45,2.6515845215717695,-1.5528837357932872,1.3053101638399034e-43,3.370473271403933e-14
legacy-interaction-05,m2_0__l4__N2,NOT_AN_INDEPENDENT_CONFIRMATION,C,,160,,2.6523928142003816,-2.079305061751693,8.06606227293392e-17,0.526421946503762
legacy-interaction-05,m2_0__l4__N2,NOT_AN_INDEPENDENT_CONFIRMATION,C,,220,,2.6523930165373555,-2.0793051079685565,1.1784173926264098e-16,0.5264219930312876
legacy-interaction-05,m2_0__l4__N2,NOT_AN_INDEPENDENT_CONFIRMATION,C,,280,,2.652391822360388,-2.0793063216269925,1.1251036541005765e-16,0.5264232048555975
legacy-interaction-05,m2_0__l4__N3,ROOT_CHECK_PASSED,A,160,,45,2.6523928014213904,-2.079305073111445,1.6738219109630255e-41,1.0327030046896366e-11
legacy-interaction-05,m2_0__l4__N3,ROOT_CHECK_PASSED,A,240,,45,2.6523928014210925,-2.0793050731116973,4.64784361049445e-41,1.0375628716770564e-11
legacy-interaction-05,m2_0__l4__N3,ROOT_CHECK_PASSED,A,320,,45,2.6523928014210925,-2.0793050731116978,4.685427013410138e-41,1.0376005220887975e-11
legacy-interaction-05,m2_0__l4__N3,ROOT_CHECK_PASSED,C,,160,,2.6523928142273365,-2.0793050617697735,1.4794180363501284e-16,1.7104988132492896e-08
legacy-interaction-05,m2_0__l4__N3,ROOT_CHECK_PASSED,C,,220,,2.6523930166676366,-2.0793051078469658,8.702886218691131e-17,2.1803805524095477e-07
legacy-interaction-05,m2_0__l4__N3,ROOT_CHECK_PASSED,C,,280,,2.6523918218568676,-2.0793063204274502,1.4068932831489832e-16,1.585986703153933e-06
legacy-interaction-06,m1_1__l4__N2,FAILED_ROOT_VALIDITY,A,160,,45,2.6515845215717695,-1.5528837357932872,1.0495653275589546e-43,8.41795081963575e-14
legacy-interaction-06,m1_1__l4__N2,FAILED_ROOT_VALIDITY,A,240,,45,2.6515845215717695,-1.5528837357932872,1.0765924275460558e-43,8.41795081963575e-14
legacy-interaction-06,m1_1__l4__N2,FAILED_ROOT_VALIDITY,A,320,,45,2.6515845215717695,-1.5528837357932872,1.0765924275460558e-43,8.41795081963575e-14
legacy-interaction-06,m1_1__l4__N2,NOT_AN_INDEPENDENT_CONFIRMATION,C,,160,,2.6523928142015967,-2.079305061794293,3.627892535046676e-16,0.5264219465463287
legacy-interaction-06,m1_1__l4__N2,NOT_AN_INDEPENDENT_CONFIRMATION,C,,220,,2.65239301702764,-2.0793051080853524,5.005647621519905e-17,0.5264219931488011
legacy-interaction-06,m1_1__l4__N2,NOT_AN_INDEPENDENT_CONFIRMATION,C,,280,,2.6523918255391945,-2.079306322687713,2.3576831540959373e-16,0.5264232059211562
legacy-interaction-06,m1_1__l4__N3,ROOT_CHECK_PASSED,A,160,,45,2.6523928014213904,-2.079305073111445,1.6738219109630255e-41,1.200186892289111e-11
legacy-interaction-06,m1_1__l4__N3,ROOT_CHECK_PASSED,A,240,,45,2.6523928014210925,-2.0793050731116973,4.114167264909088e-41,1.195047611794158e-11
legacy-interaction-06,m1_1__l4__N3,ROOT_CHECK_PASSED,A,320,,45,2.6523928014210925,-2.0793050731116978,4.620699367990621e-41,1.1950779640157026e-11
legacy-interaction-06,m1_1__l4__N3,ROOT_CHECK_PASSED,C,,160,,2.652392814214309,-2.0793050617477147,1.2966394570319367e-16,1.7112691524497677e-08
legacy-interaction-06,m1_1__l4__N3,ROOT_CHECK_PASSED,C,,220,,2.6523930167013705,-2.0793051081772083,8.03140181423712e-17,2.181272958651615e-07
legacy-interaction-06,m1_1__l4__N3,ROOT_CHECK_PASSED,C,,280,,2.6523918235114814,-2.0793063241260925,1.0169862934801747e-16,1.5878751834948832e-06
legacy-interaction-07,m1_1__l4__N2,FAILED_ROOT_VALIDITY,A,160,,45,2.6501447341952207,-1.551572125387808,1.2265357330831668e-43,1.6097851016986783e-14
legacy-interaction-07,m1_1__l4__N2,FAILED_ROOT_VALIDITY,A,240,,45,2.6501447341952207,-1.551572125387808,1.248167492553943e-43,1.6097851016986783e-14
legacy-interaction-07,m1_1__l4__N2,FAILED_ROOT_VALIDITY,A,320,,45,2.6501447341952207,-1.551572125387808,1.2515140642764933e-43,1.6097851016986783e-14
legacy-interaction-07,m1_1__l4__N2,NOT_AN_INDEPENDENT_CONFIRMATION,C,,160,,2.653406957809695,-2.0781090636515,8.921850383904399e-17,0.5265470439182327
legacy-interaction-07,m1_1__l4__N2,NOT_AN_INDEPENDENT_CONFIRMATION,C,,220,,2.6534076306743946,-2.078109135946124,4.657537713755733e-18,0.5265471203806337
legacy-interaction-07,m1_1__l4__N2,NOT_AN_INDEPENDENT_CONFIRMATION,C,,280,,2.653407015212034,-2.0781089679969016,2.383201030025557e-16,0.5265469486211096
legacy-interaction-07,m1_1__l4__N3,ROOT_CHECK_PASSED,A,160,,45,2.653406943466056,-2.078109046423326,5.268266502291277e-41,7.370788797953065e-12
legacy-interaction-07,m1_1__l4__N3,ROOT_CHECK_PASSED,A,240,,45,2.6534069434657614,-2.0781090464235734,4.279777785305061e-41,7.493747024215111e-12
legacy-interaction-07,m1_1__l4__N3,ROOT_CHECK_PASSED,A,320,,45,2.6534069434657614,-2.0781090464235734,2.9751132252676703e-41,7.493747024215111e-12
legacy-interaction-07,m1_1__l4__N3,ROOT_CHECK_PASSED,C,,160,,2.6534069578364337,-2.0781090636400448,1.622251964815191e-16,2.2432995174268084e-08
legacy-interaction-07,m1_1__l4__N3,ROOT_CHECK_PASSED,C,,220,,2.6534076304960883,-2.078109136128137,9.644408000193098e-17,6.928653274355155e-07
legacy-interaction-07,m1_1__l4__N3,ROOT_CHECK_PASSED,C,,280,,2.65340701699584,-2.0781089683065623,7.206512593087233e-17,1.072763550587343e-07
legacy-interaction-08,m1_1__l4__N2,FAILED_ROOT_VALIDITY,A,160,,45,2.6501447341952207,-1.551572125387808,1.688308445243252e-44,3.285359848735979e-14
legacy-interaction-08,m1_1__l4__N2,FAILED_ROOT_VALIDITY,A,240,,45,2.6501447341952207,-1.551572125387808,2.1616647427705858e-44,3.285359848735979e-14
legacy-interaction-08,m1_1__l4__N2,FAILED_ROOT_VALIDITY,A,320,,45,2.6501447341952207,-1.551572125387808,2.1302900739969828e-44,3.285359848735979e-14
legacy-interaction-08,m1_1__l4__N2,NOT_AN_INDEPENDENT_CONFIRMATION,C,,160,,2.6534069576911996,-2.0781090614365625,3.7261316360983335e-16,0.5265470417025944
legacy-interaction-08,m1_1__l4__N2,NOT_AN_INDEPENDENT_CONFIRMATION,C,,220,,2.6534076040575014,-2.0781091324790117,1.975325511872213e-17,0.5265471167486403
legacy-interaction-08,m1_1__l4__N2,NOT_AN_INDEPENDENT_CONFIRMATION,C,,280,,2.653406907342319,-2.0781091151371456,1.461133944820441e-16,0.5265470950902126
legacy-interaction-08,m1_1__l4__N3,ROOT_CHECK_PASSED,A,160,,45,2.653406943466056,-2.078109046423326,6.204273884746513e-41,2.8385871735163727e-12
legacy-interaction-08,m1_1__l4__N3,ROOT_CHECK_PASSED,A,240,,45,2.6534069434657614,-2.0781090464235734,4.0878750272765725e-41,2.9353409922961754e-12
legacy-interaction-08,m1_1__l4__N3,ROOT_CHECK_PASSED,A,320,,45,2.6534069434657614,-2.0781090464235734,3.692981172807057e-41,2.9353409922961754e-12
legacy-interaction-08,m1_1__l4__N3,ROOT_CHECK_PASSED,C,,160,,2.6534069577081443,-2.0781090614416837,1.8637390147219608e-17,2.069472473803618e-08
legacy-interaction-08,m1_1__l4__N3,ROOT_CHECK_PASSED,C,,220,,2.6534076042764214,-2.0781091323092884,1.386777840866696e-16,6.663659051666999e-07
legacy-interaction-08,m1_1__l4__N3,ROOT_CHECK_PASSED,C,,280,,2.653406908198576,-2.0781091150271265,1.4866212481135266e-17,7.713744993940645e-08
legacy-interaction-09,m1_1__l4__N2,FAILED_ROOT_VALIDITY,A,160,,45,2.6457577659814144,-1.547561598310542,4.0821221411193287e-44,4.0682668090481225e-14
legacy-interaction-09,m1_1__l4__N2,FAILED_ROOT_VALIDITY,A,240,,45,2.6457577659814144,-1.547561598310542,4.0821221411193287e-44,4.0682668090481225e-14
legacy-interaction-09,m1_1__l4__N2,FAILED_ROOT_VALIDITY,A,320,,45,2.6457577659814144,-1.547561598310542,4.0821221411193287e-44,4.0682668090481225e-14
legacy-interaction-09,m1_1__l4__N2,NOT_AN_INDEPENDENT_CONFIRMATION,C,,160,,2.656443770275049,-2.074457233904185,2.0317733419512445e-16,0.5270039862234045
legacy-interaction-09,m1_1__l4__N2,NOT_AN_INDEPENDENT_CONFIRMATION,C,,220,,2.6564439088114287,-2.074457247347153,1.7233933644398866e-16,0.5270040024727144
legacy-interaction-09,m1_1__l4__N2,NOT_AN_INDEPENDENT_CONFIRMATION,C,,280,,2.6564445858645946,-2.074455887222711,6.380556071395324e-17,0.5270026563571014
legacy-interaction-09,m1_1__l4__N3,ROOT_CHECK_PASSED,A,160,,45,2.6564437562089633,-2.074457240950796,7.482456278050043e-41,1.3835068525264313e-11
legacy-interaction-09,m1_1__l4__N3,ROOT_CHECK_PASSED,A,240,,45,2.6564437562086787,-2.0744572409510273,7.21136038011565e-41,1.4190793792720984e-11
legacy-interaction-09,m1_1__l4__N3,ROOT_CHECK_PASSED,A,320,,45,2.6564437562086787,-2.074457240951028,7.808002475052779e-41,1.4191148721089243e-11
legacy-interaction-09,m1_1__l4__N3,ROOT_CHECK_PASSED,C,,160,,2.6564437702549624,-2.0744572338732414,1.9515482967445588e-16,1.5716016897201235e-08
legacy-interaction-09,m1_1__l4__N3,ROOT_CHECK_PASSED,C,,220,,2.6564439094805703,-2.074457247309002,4.9994625031007545e-17,1.533956533179271e-07
legacy-interaction-09,m1_1__l4__N3,ROOT_CHECK_PASSED,C,,280,,2.656444584750619,-2.0744558871634324,1.0230931533283638e-16,1.5871917834815518e-06
legacy-interaction-10,m1_1__l4__N2,FAILED_ROOT_VALIDITY,A,160,,45,2.6457577659814144,-1.547561598310542,5.000533317428958e-44,1.507942823617516e-14
legacy-interaction-10,m1_1__l4__N2,FAILED_ROOT_VALIDITY,A,240,,45,2.6457577659814144,-1.547561598310542,5.027453832495367e-44,1.507942823617516e-14
legacy-interaction-10,m1_1__l4__N2,FAILED_ROOT_VALIDITY,A,320,,45,2.6457577659814144,-1.547561598310542,5.027453832495367e-44,1.507942823617516e-14
legacy-interaction-10,m1_1__l4__N2,NOT_AN_INDEPENDENT_CONFIRMATION,C,,160,,2.65644377023211,-2.0744572339068266,5.62305108397697e-16,0.5270039862252107
legacy-interaction-10,m1_1__l4__N2,NOT_AN_INDEPENDENT_CONFIRMATION,C,,220,,2.6564439093453895,-2.074457247250398,7.600338608820524e-17,0.5270040023868424
legacy-interaction-10,m1_1__l4__N2,NOT_AN_INDEPENDENT_CONFIRMATION,C,,280,,2.656444585310049,-2.074455886811742,7.135204303701607e-17,0.527002655935008
legacy-interaction-10,m1_1__l4__N3,ROOT_CHECK_PASSED,A,160,,45,2.6564437562089633,-2.074457240950796,3.049327002834675e-41,8.883065057764792e-12
legacy-interaction-10,m1_1__l4__N3,ROOT_CHECK_PASSED,A,240,,45,2.6564437562086787,-2.0744572409510273,3.353692304190252e-41,8.728529530238496e-12
legacy-interaction-10,m1_1__l4__N3,ROOT_CHECK_PASSED,A,320,,45,2.6564437562086787,-2.074457240951028,2.9755301095007e-41,8.728731622832085e-12
legacy-interaction-10,m1_1__l4__N3,ROOT_CHECK_PASSED,C,,160,,2.656443770309543,-2.0744572339567697,2.5242257600455614e-17,1.5745403450908718e-08
legacy-interaction-10,m1_1__l4__N3,ROOT_CHECK_PASSED,C,,220,,2.65644390948276,-2.0744572469074583,1.5177962131980193e-16,1.5339769597275115e-07
legacy-interaction-10,m1_1__l4__N3,ROOT_CHECK_PASSED,C,,280,,2.656444585644311,-2.0744558862411693,1.4579314398657275e-16,1.5884597569376443e-06
